{"cameraMode":{"drawMode":0,"name":"Shaded","section":"Shading Mode"},"sceneLighting":true,"audioPlay":false,"sceneViewState":{"m_AlwaysRefresh":false,"showFog":true,"showSkybox":true,"showFlares":true,"showImageEffects":true,"showParticleSystems":true,"showVisualEffectGraphs":true,"m_FxEnabled":true},"in2DMode":false,"pivot":{"x":0.4359869956970215,"y":5.2069549560546879,"z":-0.25321638584136965},"rotation":{"x":0.1367243379354477,"y":-0.8275371789932251,"z":0.22902695834636689,"w":0.4940184950828552},"size":15.54830265045166,"orthographic":true}